{"cameraMode":{"drawMode":0,"name":"Shaded","section":"Shading Mode"},"sceneLighting":false,"audioPlay":false,"sceneViewState":{"m_AlwaysRefresh":false,"showFog":true,"showSkybox":false,"showFlares":true,"showImageEffects":true,"showParticleSystems":true,"showVisualEffectGraphs":true,"m_FxEnabled":true},"in2DMode":false,"pivot":{"x":-2.2258410453796388,"y":2.768007278442383,"z":0.17923736572265626},"rotation":{"x":0.21339337527751923,"y":0.05766977369785309,"z":-0.012711863964796067,"w":0.9752870202064514},"size":22.387420654296876,"orthographic":false}