{"cameraMode":{"drawMode":0,"name":"Shaded","section":"Shading Mode"},"sceneLighting":false,"audioPlay":false,"sceneViewState":{"m_AlwaysRefresh":false,"showFog":true,"showSkybox":false,"showFlares":true,"showImageEffects":true,"showParticleSystems":true,"showVisualEffectGraphs":true,"m_FxEnabled":true},"in2DMode":false,"pivot":{"x":-0.03810393810272217,"y":0.13402360677719117,"z":0.04110062122344971},"rotation":{"x":-0.1128302812576294,"y":0.8874101042747498,"z":-0.3140995502471924,"w":-0.31859710812568667},"size":1.5409252643585206,"orthographic":false}