{"cameraMode":{"drawMode":0,"name":"Shaded","section":"Shading Mode"},"sceneLighting":true,"audioPlay":false,"sceneViewState":{"m_AlwaysRefresh":false,"showFog":true,"showSkybox":true,"showFlares":true,"showImageEffects":true,"showParticleSystems":true,"showVisualEffectGraphs":true,"m_FxEnabled":true},"in2DMode":false,"pivot":{"x":-16.43194580078125,"y":-0.470001220703125,"z":-30.98090362548828},"rotation":{"x":0.05592099577188492,"y":0.33740153908729555,"z":-0.019995497539639474,"w":0.9397162199020386},"size":0.8660253882408142,"orthographic":false}