{"cameraMode":{"drawMode":0,"name":"Shaded","section":"Shading Mode"},"sceneLighting":false,"audioPlay":false,"sceneViewState":{"m_AlwaysRefresh":false,"showFog":true,"showSkybox":false,"showFlares":true,"showImageEffects":true,"showParticleSystems":true,"showVisualEffectGraphs":true,"m_FxEnabled":true},"in2DMode":false,"pivot":{"x":-0.02203357219696045,"y":2.1060903072357179,"z":-0.27849483489990237},"rotation":{"x":0.032110340893268588,"y":0.7361207604408264,"z":-0.03487066179513931,"w":0.6755076050758362},"size":2.3823459148406984,"orthographic":false}